EmployeeID,Name,Department,Region,Join Date
E001,Neha Shah,Finance,North,2018-09-12
E002,Pooja Sharma,IT,North,2015-04-24
E003,Karan Mehta,Marketing,North,2018-12-21
E004,Manish Mehta,Operations,West,2017-05-04
E005,Vikas Singh,IT,Central,2016-07-15
E006,Rahul Joshi,Marketing,East,2023-01-30
E007,Meera Shah,HR,North,2019-03-06
E008,Rahul Gupta,HR,South,2020-04-06
E009,Meera Singh,IT,North,2017-02-20
E010,Arjun Joshi,HR,Central,2015-10-17
E011,Rahul Singh,Operations,West,2020-04-29
E012,Sanjay Joshi,Operations,East,2023-06-09
E013,Neha Singh,IT,Central,2016-11-16
E014,Meera Kapoor,HR,East,2019-10-20
E015,Arjun Shah,Sales,South,2017-10-17
E016,Vikas Verma,Sales,West,2018-12-29
E017,Pooja Yadav,Finance,West,2021-04-18
E018,Rohit Sharma,HR,South,2018-01-12
E019,Karan Gupta,HR,Central,2015-08-01
E020,Vikas Gupta,IT,South,2020-10-16
E021,Neha Mehta,Operations,South,2020-07-20
E022,Manish Patel,Marketing,Central,2023-09-16
E023,Meera Gupta,HR,West,2021-09-12
E024,Priya Shah,Finance,Central,2024-08-17
E025,Amit Yadav,Finance,Central,2017-11-27
E026,Neha Verma,Marketing,East,2018-01-24
E027,Karan Patel,Operations,South,2022-11-13
E028,Kavita Verma,Finance,East,2023-08-12
E029,Karan Patel,Marketing,North,2018-06-05
E030,Priya Joshi,Finance,West,2024-09-18
E031,Neha Yadav,Sales,East,2021-07-10
E032,Amit Verma,Sales,Central,2020-03-18
E033,Vikas Gupta,Finance,East,2022-10-18
E034,Vikas Singh,Marketing,North,2018-04-08
E035,Amit Kapoor,Operations,North,2017-04-09
E036,Pooja Verma,Marketing,West,2015-08-01
E037,Anjali Yadav,Marketing,South,2015-04-10
E038,Manish Gupta,Finance,West,2019-12-29
E039,Anjali Verma,Finance,West,2023-01-13
E040,Sneha Patel,Finance,Central,2017-01-10
E041,Rohit Sharma,IT,Central,2015-03-03
E042,Arjun Patel,HR,South,2015-06-09
E043,Kavita Kapoor,IT,South,2019-12-12
E044,Vikas Sharma,Finance,Central,2017-04-14
E045,Rohit Sharma,Finance,North,2023-11-02
E046,Sanjay Kapoor,IT,South,2023-12-01
E047,Rahul Patel,Finance,South,2024-01-16
E048,Manish Sharma,Sales,South,2016-06-14
E049,Riya Kapoor,Marketing,West,2022-03-09
E050,Priya Yadav,IT,East,2021-03-06
E051,Amit Kapoor,HR,South,2016-08-10
E052,Manish Gupta,IT,South,2017-04-26
E053,Priya Kapoor,Sales,East,2019-02-24
E054,Rahul Mehta,Sales,South,2019-07-31
E055,Kavita Mehta,Finance,East,2020-01-04
E056,Meera Singh,HR,South,2016-04-24
E057,Rahul Yadav,Sales,West,2023-02-05
E058,Sneha Mehta,Sales,South,2022-01-27
E059,Rohit Singh,IT,West,2022-05-29
E060,Vikas Sharma,Finance,North,2024-10-24
E061,Anjali Sharma,Finance,North,2015-10-06
E062,Pooja Singh,Operations,South,2017-04-25
E063,Rohit Verma,HR,East,2022-05-21
E064,Arjun Shah,Finance,East,2019-12-17
E065,Anjali Singh,Finance,West,2022-10-20
E066,Rahul Mehta,IT,North,2020-04-10
E067,Arjun Verma,IT,East,2023-11-17
E068,Sneha Singh,Sales,West,2022-10-31
E069,Karan Shah,HR,South,2017-04-20
E070,Manish Shah,HR,Central,2023-07-10
E071,Manish Kapoor,Marketing,Central,2018-04-18
E072,Sneha Sharma,HR,Central,2017-07-20
E073,Arjun Kapoor,Sales,North,2022-07-15
E074,Arjun Sharma,Finance,East,2022-07-24
E075,Neha Patel,Finance,North,2020-06-09
E076,Rohit Mehta,Sales,South,2019-12-17
E077,Sanjay Joshi,HR,North,2021-01-16
E078,Sneha Kapoor,Marketing,East,2018-03-31
E079,Anjali Gupta,Finance,South,2019-06-04
E080,Karan Joshi,Sales,Central,2015-09-13
E081,Riya Shah,HR,North,2015-07-23
E082,Kavita Verma,Finance,South,2024-08-13
E083,Manish Patel,IT,South,2020-10-17
E084,Meera Patel,Sales,Central,2019-01-11
E085,Karan Shah,Operations,South,2019-07-10
E086,Anjali Verma,Operations,South,2024-02-14
E087,Rahul Mehta,IT,South,2015-05-09
E088,Vikas Yadav,Marketing,Central,2017-12-30
E089,Priya Joshi,Marketing,East,2024-03-11
E090,Karan Joshi,Sales,Central,2017-08-29
E091,Pooja Gupta,Marketing,North,2019-08-08
E092,Vikas Kapoor,Operations,South,2015-06-22
E093,Karan Verma,Sales,West,2016-11-24
E094,Arjun Gupta,Operations,South,2015-01-29
E095,Meera Mehta,IT,West,2016-10-06
E096,Amit Mehta,IT,North,2016-09-13
E097,Anjali Shah,Operations,South,2022-06-11
E098,Amit Joshi,IT,South,2021-07-08
E099,Amit Singh,Marketing,Central,2018-12-22
E100,Riya Gupta,Sales,South,2021-12-01
E101,Karan Shah,Finance,South,2024-12-25
E102,Neha Yadav,Marketing,South,2020-05-08
E103,Amit Verma,Sales,Central,2015-09-19
E104,Manish Gupta,HR,West,2019-05-11
E105,Neha Kapoor,Operations,East,2023-08-19
E106,Riya Joshi,Finance,East,2023-06-28
E107,Rahul Patel,Finance,West,2019-03-04
E108,Sanjay Mehta,Operations,Central,2021-02-16
E109,Amit Singh,Operations,Central,2016-08-11
E110,Rahul Yadav,Sales,North,2019-04-04
E111,Sanjay Shah,Marketing,East,2020-09-18
E112,Riya Singh,Marketing,East,2024-06-26
E113,Karan Kapoor,Operations,East,2018-01-15
E114,Amit Patel,HR,North,2018-06-25
E115,Neha Sharma,Finance,North,2021-04-10
E116,Pooja Mehta,IT,South,2024-07-23
E117,Vikas Shah,Operations,Central,2024-03-20
E118,Riya Kapoor,Finance,Central,2018-09-27
E119,Amit Kapoor,Operations,Central,2022-09-05
E120,Riya Patel,Marketing,North,2020-08-10
E121,Riya Sharma,Finance,South,2021-11-24
E122,Karan Verma,HR,Central,2021-02-26
E123,Manish Patel,HR,North,2019-07-23
E124,Karan Verma,IT,North,2016-06-09
E125,Sanjay Kapoor,Marketing,North,2022-01-18
E126,Rahul Verma,HR,West,2015-02-27
E127,Meera Yadav,IT,South,2023-08-12
E128,Rahul Gupta,Sales,West,2024-08-04
E129,Arjun Shah,Marketing,Central,2021-01-01
E130,Sanjay Mehta,Finance,South,2021-03-08
E131,Manish Singh,Marketing,Central,2023-10-10
E132,Neha Yadav,Marketing,West,2016-09-05
E133,Manish Shah,Operations,North,2018-06-12
E134,Meera Mehta,IT,Central,2024-05-17
E135,Neha Mehta,IT,East,2015-08-08
E136,Sneha Verma,Marketing,East,2024-11-07
E137,Priya Singh,Operations,West,2015-07-31
E138,Sanjay Patel,HR,East,2015-11-11
E139,Rahul Joshi,Finance,East,2021-03-15
E140,Kavita Sharma,IT,East,2020-07-09
E141,Riya Mehta,Marketing,East,2020-12-26
E142,Rahul Singh,Finance,North,2015-10-20
E143,Arjun Mehta,Marketing,North,2023-08-24
E144,Riya Joshi,Marketing,East,2016-03-17
E145,Pooja Joshi,Finance,West,2017-12-16
E146,Manish Yadav,Finance,East,2021-05-08
E147,Sneha Patel,Finance,North,2016-12-22
E148,Vikas Gupta,Finance,West,2020-09-10
E149,Kavita Sharma,Sales,Central,2023-02-27
E150,Sanjay Patel,HR,East,2019-01-13
E151,Rohit Joshi,HR,East,2019-09-28
E152,Arjun Patel,Operations,Central,2021-05-26
E153,Neha Shah,Finance,South,2020-08-26
E154,Pooja Shah,IT,North,2015-04-18
E155,Pooja Joshi,Sales,East,2021-07-27
E156,Vikas Mehta,Finance,West,2021-05-18
E157,Riya Verma,Sales,West,2016-01-22
E158,Rohit Gupta,Operations,South,2023-12-27
E159,Rohit Verma,Marketing,North,2015-11-06
E160,Meera Yadav,Operations,East,2022-08-17
E161,Manish Singh,Finance,Central,2024-07-10
E162,Arjun Sharma,HR,South,2023-02-25
E163,Priya Joshi,IT,Central,2016-01-21
E164,Rohit Verma,IT,East,2023-03-09
E165,Priya Yadav,Finance,Central,2022-05-21
E166,Neha Joshi,Sales,North,2015-11-24
E167,Rohit Kapoor,Marketing,East,2024-06-04
E168,Sanjay Mehta,HR,West,2021-04-30
E169,Priya Yadav,HR,West,2021-05-29
E170,Sneha Mehta,Operations,North,2018-12-31
E171,Sneha Kapoor,Marketing,North,2020-02-28
E172,Anjali Patel,IT,East,2017-08-25
E173,Kavita Singh,Operations,West,2018-04-16
E174,Manish Gupta,Sales,Central,2016-05-31
E175,Riya Joshi,Sales,West,2024-09-28
E176,Priya Shah,HR,East,2020-06-03
E177,Rahul Singh,HR,Central,2023-10-01
E178,Anjali Patel,HR,East,2022-04-11
E179,Amit Sharma,Marketing,East,2019-03-07
E180,Rohit Mehta,HR,North,2018-11-26
E181,Rahul Mehta,IT,Central,2023-12-23
E182,Anjali Yadav,IT,West,2023-12-09
E183,Vikas Shah,Finance,West,2020-09-23
E184,Meera Kapoor,IT,West,2020-12-23
E185,Rohit Shah,IT,South,2019-03-08
E186,Vikas Singh,Sales,East,2016-09-27
E187,Sneha Patel,IT,West,2016-03-29
E188,Neha Singh,Operations,Central,2024-12-24
E189,Riya Kapoor,IT,West,2019-08-29
E190,Kavita Singh,Marketing,East,2015-09-25
E191,Amit Joshi,Operations,East,2017-06-06
E192,Sanjay Joshi,IT,North,2018-02-18
E193,Rahul Joshi,Marketing,South,2015-10-05
E194,Pooja Kapoor,IT,South,2020-05-25
E195,Rohit Verma,HR,North,2015-11-13
E196,Neha Patel,Sales,North,2023-01-11
E197,Vikas Gupta,HR,Central,2024-05-11
E198,Pooja Kapoor,Operations,North,2018-03-24
E199,Priya Shah,HR,Central,2016-02-25
E200,Neha Shah,Marketing,North,2024-05-10
E201,Vikas Verma,Sales,Central,2016-05-17
E202,Sanjay Joshi,Finance,East,2024-03-11
E203,Vikas Kapoor,Sales,East,2020-02-23
E204,Sanjay Kapoor,Finance,West,2023-06-21
E205,Anjali Patel,IT,South,2023-12-21
E206,Rahul Mehta,Operations,West,2017-09-25
E207,Amit Yadav,HR,South,2020-09-20
E208,Sneha Shah,Operations,South,2024-09-18
E209,Neha Yadav,Finance,West,2022-10-29
E210,Sanjay Sharma,Marketing,West,2018-09-14
E211,Rohit Patel,Marketing,Central,2016-07-31
E212,Vikas Verma,Finance,West,2021-06-18
E213,Sanjay Yadav,Marketing,West,2022-10-19
E214,Meera Gupta,Operations,East,2017-11-09
E215,Vikas Sharma,Sales,North,2020-05-10
E216,Rahul Kapoor,Marketing,West,2020-08-06
E217,Pooja Joshi,Sales,South,2023-09-21
E218,Sneha Patel,Sales,West,2016-03-21
E219,Priya Yadav,Sales,West,2015-09-28
E220,Anjali Verma,HR,South,2019-01-30
E221,Kavita Yadav,Marketing,Central,2016-05-19
E222,Meera Sharma,HR,North,2023-12-22
E223,Kavita Verma,Sales,North,2020-09-25
E224,Vikas Shah,Operations,South,2020-03-04
E225,Kavita Yadav,IT,North,2017-03-16
E226,Anjali Verma,Sales,West,2021-06-23
E227,Karan Patel,Sales,Central,2018-09-21
E228,Meera Mehta,Sales,Central,2022-10-21
E229,Neha Joshi,Marketing,East,2015-05-26
E230,Rahul Mehta,Sales,South,2019-02-06
E231,Pooja Gupta,Operations,West,2021-10-21
E232,Riya Joshi,Sales,East,2019-03-14
E233,Vikas Gupta,Finance,West,2018-02-24
E234,Anjali Mehta,Sales,East,2022-01-14
E235,Meera Verma,Marketing,West,2016-03-01
E236,Sneha Singh,Marketing,West,2016-11-18
E237,Meera Patel,Operations,South,2017-08-02
E238,Rohit Sharma,Finance,East,2022-08-27
E239,Neha Mehta,HR,Central,2015-11-13
E240,Anjali Mehta,Sales,Central,2024-02-08
E241,Rohit Kapoor,Operations,West,2017-09-09
E242,Priya Shah,Operations,Central,2017-03-12
E243,Arjun Patel,Operations,East,2017-07-23
E244,Rahul Joshi,Sales,Central,2017-01-06
E245,Kavita Joshi,Operations,North,2024-11-26
E246,Karan Shah,Sales,South,2019-06-10
E247,Anjali Mehta,Sales,North,2021-07-09
E248,Pooja Shah,Operations,North,2015-01-17
E249,Vikas Singh,Marketing,East,2022-05-06
E250,Riya Mehta,Operations,North,2024-07-14
E251,Rahul Verma,HR,East,2022-12-11
E252,Karan Joshi,Finance,South,2024-05-09
E253,Meera Verma,Finance,Central,2020-06-02
E254,Anjali Joshi,HR,South,2017-01-22
E255,Karan Shah,Sales,South,2022-04-16
E256,Arjun Verma,Operations,Central,2016-12-21
E257,Amit Yadav,Sales,North,2015-08-05
E258,Rahul Shah,HR,East,2021-08-04
E259,Amit Yadav,HR,West,2017-07-06
E260,Riya Yadav,HR,East,2017-05-12
E261,Manish Patel,Sales,West,2020-04-12
E262,Rohit Sharma,Marketing,Central,2024-04-05
E263,Anjali Singh,HR,East,2022-11-29
E264,Amit Kapoor,HR,North,2021-06-22
E265,Amit Sharma,Marketing,North,2023-11-19
E266,Pooja Sharma,IT,West,2018-08-31
E267,Karan Yadav,Operations,South,2015-08-07
E268,Rahul Verma,IT,South,2021-05-04
E269,Priya Patel,Marketing,Central,2016-09-28
E270,Neha Mehta,Sales,North,2017-07-14
E271,Sneha Sharma,Finance,Central,2019-09-23
E272,Sneha Yadav,Operations,East,2016-06-18
E273,Vikas Patel,HR,West,2016-03-30
E274,Vikas Kapoor,Finance,Central,2015-05-15
E275,Sneha Kapoor,IT,West,2018-02-05
E276,Manish Verma,Marketing,West,2020-03-07
E277,Karan Gupta,Operations,East,2020-06-01
E278,Manish Shah,Operations,North,2017-06-12
E279,Rohit Shah,Finance,Central,2024-09-18
E280,Anjali Joshi,Marketing,East,2016-05-29
E281,Meera Gupta,IT,East,2021-10-02
E282,Anjali Patel,Sales,South,2020-06-26
E283,Manish Gupta,Sales,West,2021-08-07
E284,Sneha Yadav,Marketing,South,2020-06-15
E285,Rahul Shah,Finance,West,2021-06-26
E286,Pooja Shah,Marketing,South,2023-12-23
E287,Riya Sharma,Sales,East,2018-07-28
E288,Rohit Gupta,Sales,North,2024-02-13
E289,Sneha Joshi,Operations,East,2016-09-04
E290,Rohit Singh,Finance,East,2016-03-28
E291,Sanjay Sharma,HR,East,2016-09-13
E292,Manish Yadav,Operations,North,2022-12-15
E293,Pooja Sharma,IT,West,2019-07-25
E294,Anjali Shah,IT,East,2021-01-29
E295,Pooja Mehta,Operations,North,2017-03-14
E296,Riya Yadav,Finance,North,2021-11-14
E297,Amit Gupta,Finance,Central,2018-12-19
E298,Neha Patel,Sales,South,2019-05-07
E299,Riya Joshi,Finance,Central,2020-09-08
E300,Anjali Verma,IT,East,2022-01-12
E301,Kavita Mehta,Operations,Central,2018-01-22
E302,Anjali Verma,Marketing,South,2019-10-01
E303,Riya Mehta,Marketing,North,2024-07-23
E304,Meera Patel,IT,North,2019-01-12
E305,Manish Shah,IT,Central,2021-07-27
E306,Manish Patel,Marketing,South,2024-07-22
E307,Rahul Yadav,HR,East,2015-12-28
E308,Sneha Patel,Finance,West,2016-09-18
E309,Priya Gupta,Operations,North,2019-01-13
E310,Kavita Patel,Marketing,East,2016-12-24
E311,Karan Joshi,HR,North,2018-02-15
E312,Priya Joshi,IT,West,2016-11-09
E313,Riya Patel,Operations,East,2018-03-26
E314,Rohit Singh,Marketing,North,2023-11-01
E315,Riya Kapoor,IT,South,2022-03-11
E316,Arjun Singh,IT,North,2018-07-31
E317,Meera Singh,Sales,East,2023-10-29
E318,Kavita Gupta,Operations,East,2019-07-07
E319,Manish Yadav,IT,West,2019-09-23
E320,Priya Verma,Sales,East,2023-05-05
E321,Anjali Verma,Marketing,Central,2021-10-04
E322,Riya Verma,Marketing,West,2019-03-17
E323,Amit Mehta,Marketing,East,2016-06-03
E324,Sanjay Kapoor,HR,East,2018-07-26
E325,Sneha Singh,Marketing,East,2016-07-31
E326,Amit Yadav,Operations,East,2015-01-17
E327,Sneha Yadav,Marketing,West,2017-04-15
E328,Sneha Yadav,Sales,West,2022-01-25
E329,Priya Joshi,Operations,South,2018-01-15
E330,Rohit Yadav,Sales,South,2018-09-29
E331,Arjun Verma,Marketing,East,2018-02-26
E332,Riya Shah,Finance,North,2019-05-09
E333,Anjali Yadav,Marketing,South,2019-01-05
E334,Vikas Kapoor,Operations,West,2022-04-15
E335,Priya Patel,Finance,West,2024-01-13
E336,Meera Shah,Operations,South,2017-03-12
E337,Sanjay Singh,Finance,North,2018-07-20
E338,Kavita Patel,Sales,North,2017-08-30
E339,Pooja Yadav,Marketing,North,2021-01-09
E340,Amit Patel,IT,West,2018-05-15
E341,Neha Joshi,Sales,West,2015-03-06
E342,Anjali Joshi,Sales,East,2015-07-31
E343,Karan Patel,HR,Central,2021-02-03
E344,Kavita Joshi,HR,South,2016-08-11
E345,Anjali Yadav,Finance,West,2015-04-29
E346,Rahul Gupta,HR,East,2019-06-21
E347,Priya Mehta,Sales,Central,2022-02-03
E348,Sanjay Kapoor,Marketing,South,2019-08-02
E349,Neha Singh,Sales,North,2016-03-01
E350,Anjali Patel,HR,North,2021-01-22
E351,Pooja Gupta,HR,West,2017-10-22
E352,Arjun Shah,Operations,South,2022-04-24
E353,Anjali Gupta,Marketing,Central,2024-07-22
E354,Rohit Shah,Operations,North,2021-03-09
E355,Karan Shah,IT,East,2017-03-05
E356,Rahul Mehta,Marketing,East,2022-10-26
E357,Anjali Verma,Finance,Central,2020-04-29
E358,Anjali Patel,IT,East,2024-02-26
E359,Karan Shah,Marketing,Central,2017-10-18
E360,Riya Joshi,Marketing,South,2016-05-10
E361,Sanjay Gupta,Marketing,East,2024-04-27
E362,Manish Verma,Marketing,North,2023-03-18
E363,Sneha Gupta,Finance,North,2024-06-10
E364,Sanjay Sharma,Finance,West,2021-01-10
E365,Meera Shah,Finance,North,2016-02-09
E366,Manish Yadav,Operations,Central,2018-08-08
E367,Pooja Shah,Sales,West,2019-02-12
E368,Rahul Yadav,Operations,East,2018-11-30
E369,Anjali Verma,Finance,West,2024-04-21
E370,Amit Joshi,Marketing,North,2022-04-08
E371,Neha Patel,IT,Central,2023-12-01
E372,Priya Shah,IT,South,2018-10-13
E373,Manish Kapoor,Marketing,East,2017-02-20
E374,Kavita Mehta,Operations,South,2016-05-31
E375,Amit Yadav,Operations,North,2023-09-18
E376,Sneha Singh,IT,South,2024-03-08
E377,Manish Mehta,HR,Central,2021-12-18
E378,Sneha Shah,Finance,Central,2019-10-15
E379,Anjali Shah,Finance,Central,2019-07-29
E380,Neha Verma,Marketing,North,2024-08-17
E381,Vikas Singh,Operations,Central,2020-10-09
E382,Sneha Kapoor,Marketing,East,2016-07-05
E383,Kavita Joshi,Sales,Central,2017-10-05
E384,Sneha Shah,HR,West,2019-08-04
E385,Neha Verma,Marketing,West,2023-01-15
E386,Amit Yadav,Sales,Central,2019-03-25
E387,Kavita Kapoor,Finance,South,2023-05-09
E388,Pooja Singh,Operations,Central,2021-08-11
E389,Sanjay Verma,Marketing,East,2016-08-02
E390,Kavita Singh,Marketing,West,2016-04-05
E391,Sneha Sharma,IT,North,2021-09-02
E392,Arjun Verma,Finance,North,2020-08-28
E393,Meera Singh,Finance,East,2022-11-07
E394,Riya Gupta,HR,East,2023-11-26
E395,Vikas Verma,HR,North,2015-03-24
E396,Sneha Patel,Sales,West,2022-04-02
E397,Amit Singh,Finance,Central,2016-06-07
E398,Sanjay Shah,HR,East,2022-10-05
E399,Riya Singh,HR,North,2024-04-04
E400,Kavita Yadav,Finance,East,2021-09-27
E401,Rahul Kapoor,Finance,West,2024-09-18
E402,Meera Sharma,Marketing,North,2022-08-29
E403,Rahul Verma,Finance,East,2021-04-28
E404,Anjali Sharma,Finance,South,2016-03-16
E405,Sneha Singh,Finance,North,2020-04-04
E406,Anjali Gupta,IT,Central,2015-05-31
E407,Amit Kapoor,Sales,East,2018-12-19
E408,Vikas Sharma,Sales,West,2018-10-16
E409,Anjali Gupta,HR,South,2023-05-04
E410,Vikas Kapoor,Operations,East,2016-04-17
E411,Riya Kapoor,Finance,South,2023-02-06
E412,Amit Gupta,Finance,North,2024-06-13
E413,Arjun Yadav,Sales,East,2019-10-03
E414,Rohit Verma,HR,East,2022-05-01
E415,Meera Mehta,Marketing,North,2015-09-29
E416,Sanjay Sharma,Sales,East,2019-07-13
E417,Amit Joshi,HR,North,2020-01-25
E418,Rohit Gupta,IT,South,2021-08-20
E419,Meera Kapoor,Marketing,East,2017-11-13
E420,Arjun Mehta,Marketing,North,2018-12-14
E421,Karan Verma,Marketing,East,2018-03-22
E422,Vikas Singh,Finance,West,2022-06-12
E423,Anjali Singh,Operations,Central,2019-04-07
E424,Sneha Singh,Finance,East,2015-01-27
E425,Karan Shah,HR,Central,2020-02-15
E426,Neha Patel,Operations,West,2020-08-09
E427,Kavita Gupta,Finance,North,2016-06-19
E428,Kavita Verma,Marketing,West,2020-02-27
E429,Rohit Sharma,Finance,East,2020-05-26
E430,Rahul Verma,Operations,Central,2019-06-30
E431,Rohit Sharma,HR,South,2019-12-31
E432,Manish Kapoor,Operations,East,2023-01-06
E433,Meera Shah,Finance,West,2016-06-07
E434,Neha Sharma,Operations,East,2022-05-24
E435,Kavita Verma,Sales,West,2019-02-24
E436,Vikas Verma,HR,West,2018-03-05
E437,Karan Kapoor,Marketing,Central,2018-10-26
E438,Meera Patel,Finance,North,2017-09-14
E439,Sanjay Mehta,Operations,South,2021-08-08
E440,Riya Kapoor,HR,North,2021-05-06
E441,Sanjay Yadav,Operations,West,2022-12-28
E442,Amit Kapoor,Marketing,North,2016-08-12
E443,Vikas Gupta,HR,Central,2021-03-29
E444,Rahul Singh,Finance,East,2020-09-10
E445,Amit Kapoor,Sales,West,2016-05-21
E446,Priya Kapoor,Operations,East,2021-08-18
E447,Manish Shah,Marketing,North,2024-11-01
E448,Kavita Singh,HR,East,2015-02-04
E449,Rahul Joshi,HR,Central,2015-05-05
E450,Neha Sharma,IT,North,2018-12-27
E451,Kavita Joshi,Operations,East,2015-10-07
E452,Vikas Joshi,HR,North,2019-08-03
E453,Sanjay Yadav,Operations,East,2020-03-23
E454,Anjali Singh,HR,North,2017-08-22
E455,Pooja Sharma,Sales,South,2021-02-16
E456,Sneha Joshi,Sales,West,2018-05-16
E457,Riya Sharma,Marketing,West,2016-01-06
E458,Arjun Singh,Operations,South,2015-04-30
E459,Sneha Sharma,IT,Central,2024-01-31
E460,Meera Shah,IT,North,2024-07-20
E461,Priya Yadav,Operations,West,2017-10-14
E462,Kavita Kapoor,HR,West,2017-08-09
E463,Rahul Gupta,IT,South,2023-01-05
E464,Neha Singh,Sales,Central,2024-03-08
E465,Meera Kapoor,Marketing,South,2019-05-08
E466,Anjali Yadav,IT,East,2022-12-12
E467,Sanjay Mehta,Operations,Central,2017-01-16
E468,Meera Sharma,IT,West,2019-11-20
E469,Riya Joshi,Marketing,Central,2018-12-31
E470,Arjun Gupta,Finance,North,2018-09-15
E471,Priya Mehta,Operations,East,2015-06-02
E472,Manish Shah,HR,Central,2020-09-17
E473,Riya Verma,HR,West,2021-09-07
E474,Vikas Yadav,Marketing,North,2016-11-28
E475,Anjali Singh,Marketing,South,2017-08-19
E476,Anjali Sharma,Sales,South,2016-12-07
E477,Priya Singh,Operations,Central,2024-01-11
E478,Rohit Sharma,Finance,East,2021-06-30
E479,Arjun Kapoor,HR,West,2023-06-27
E480,Sneha Mehta,Finance,East,2016-10-23
E481,Rohit Patel,Operations,North,2015-08-17
E482,Pooja Yadav,Sales,South,2020-12-03
E483,Riya Shah,Operations,East,2018-10-15
E484,Neha Gupta,Sales,Central,2017-07-09
E485,Priya Verma,Marketing,West,2015-10-01
E486,Karan Mehta,IT,Central,2023-09-10
E487,Sanjay Singh,HR,North,2021-04-23
E488,Anjali Patel,HR,Central,2019-07-07
E489,Anjali Sharma,Finance,East,2015-09-23
E490,Kavita Patel,Operations,West,2019-11-17
E491,Pooja Singh,IT,Central,2021-08-13
E492,Rohit Joshi,HR,South,2024-05-14
E493,Manish Patel,Marketing,North,2018-12-31
E494,Sanjay Patel,Marketing,North,2019-05-05
E495,Manish Mehta,Finance,Central,2016-10-05
E496,Amit Gupta,Marketing,South,2018-05-06
E497,Pooja Mehta,IT,West,2020-07-09
E498,Rohit Patel,Finance,East,2018-10-31
E499,Riya Verma,Operations,West,2015-11-11
E500,Neha Shah,Sales,North,2020-05-07
