Order Date,Customer Name,Address,Region,EmployeeID,Revenue,Cost,Birthdate,Jan_Sales,Feb_Sales
2024-04-23,Anjali Gupta,"201 Nehru Street, Surat",East,E479,5469,2583,2005-03-08,372,388
2024-04-12,Neha Patel,"510 Lake View, Pune",East,E461,9313,2165,1989-03-23,439,237
2024-04-19,Sanjay Sharma,"66 MG Road, Surat",North,E454,4758,1281,1970-06-04,382,93
2024-04-23,Amit Shah,"933 Ring Road, Rajkot",North,E024,9014,1026,1993-02-04,254,464
2024-04-19,Karan Verma,"180 Ring Road, Mumbai",West,E149,5528,4401,1982-01-14,250,452
2024-04-09,Rahul Joshi,"550 Station Road, Vadodara",East,E062,1984,1562,1970-01-20,143,305
2024-04-24,Pooja Gupta,"538 Ring Road, Mumbai",North,E498,9836,2453,2007-04-04,163,350
2024-04-01,Riya Joshi,"282 Park Avenue, Pune",South,E352,1254,662,1976-12-22,162,204
2024-04-23,Arjun Yadav,"399 MG Road, Delhi",East,E241,8955,7422,1971-10-30,408,278
2024-04-10,Rohit Mehta,"854 MG Road, Ahmedabad",East,E244,5651,5065,1975-06-27,55,433
2024-04-21,Rohit Kapoor,"26 Ring Road, Delhi",West,E386,7876,6544,1998-04-13,428,325
2024-04-24,Anjali Sharma,"314 MG Road, Vadodara",West,E025,6766,4505,1994-05-09,335,132
2024-04-27,Sanjay Verma,"711 Lake View, Surat",East,E123,5041,2104,1981-11-25,107,449
2024-04-18,Sanjay Shah,"222 Lake View, Rajkot",East,E240,9097,4978,2000-12-16,328,141
2024-04-20,Sneha Yadav,"510 Park Avenue, Pune",North,E277,4522,2056,2002-06-15,194,193
2024-04-02,Neha Sharma,"46 MG Road, Vadodara",Central,E141,4549,776,1979-04-30,68,81
2024-04-16,Neha Singh,"78 Station Road, Surat",East,E001,1249,1111,1980-06-10,245,239
2024-04-30,Rohit Shah,"24 Ring Road, Delhi",West,E022,4909,1136,1986-02-08,225,161
2024-04-08,Rahul Shah,"977 MG Road, Ahmedabad",West,E340,9424,2194,1990-09-10,422,401
2024-04-04,Karan Patel,"157 Park Avenue, Rajkot",South,E449,6752,4410,2005-02-01,451,58
2024-04-01,Manish Yadav,"79 Station Road, Pune",East,E273,1711,605,1971-10-16,301,382
2024-04-21,Karan Singh,"356 Park Avenue, Delhi",East,E231,2289,1089,1979-06-25,333,87
2024-04-15,Vikas Patel,"621 Lake View, Ahmedabad",North,E296,1194,991,1970-10-02,451,474
2024-04-11,Amit Patel,"710 Station Road, Rajkot",Central,E407,9444,8464,1998-12-18,70,245
2024-04-29,Kavita Joshi,"34 Park Avenue, Surat",South,E246,7714,5025,1987-12-10,186,474
2024-04-12,Rahul Kapoor,"457 Nehru Street, Delhi",Central,E179,4684,4099,1985-01-31,418,281
2024-04-15,Arjun Mehta,"823 Park Avenue, Ahmedabad",West,E163,3008,2207,1972-07-28,99,241
2024-04-13,Priya Joshi,"102 Station Road, Mumbai",North,E335,3595,1719,2007-07-19,493,256
2024-04-08,Neha Patel,"235 Park Avenue, Mumbai",West,E155,9782,3267,1972-10-12,473,317
2024-04-30,Sneha Kapoor,"128 Ring Road, Ahmedabad",South,E479,6655,3188,1996-02-16,107,251
2024-04-18,Manish Kapoor,"442 Ring Road, Delhi",Central,E377,6414,959,1992-09-24,221,393
2024-04-15,Sanjay Patel,"286 Lake View, Ahmedabad",South,E213,7795,2455,2000-09-12,219,108
2024-04-25,Manish Patel,"104 Nehru Street, Rajkot",Central,E280,1754,1127,1970-10-07,478,154
2024-04-15,Amit Yadav,"18 Nehru Street, Vadodara",East,E310,1879,577,2009-01-31,259,121
2024-04-23,Kavita Patel,"923 Park Avenue, Vadodara",West,E448,4943,1246,1986-02-26,422,319
2024-04-02,Priya Yadav,"337 Ring Road, Pune",West,E246,3896,3039,2003-08-01,222,94
2024-04-01,Manish Mehta,"192 MG Road, Rajkot",South,E021,8713,3078,1994-06-12,395,183
2024-04-18,Priya Shah,"564 MG Road, Vadodara",South,E038,8899,4428,2001-01-30,476,452
2024-04-13,Amit Singh,"292 Ring Road, Pune",East,E100,3221,2254,1972-07-03,208,459
2024-04-12,Rohit Shah,"128 MG Road, Pune",South,E078,7235,1896,2000-01-09,189,88
2024-04-02,Sanjay Patel,"290 MG Road, Ahmedabad",East,E485,9772,1566,1986-05-18,133,467
2024-04-03,Rohit Gupta,"41 Lake View, Pune",South,E008,8309,3149,1978-01-04,94,118
2024-04-23,Riya Sharma,"997 Ring Road, Mumbai",Central,E020,6241,4772,1997-01-25,132,197
2024-04-05,Sanjay Sharma,"583 Lake View, Delhi",East,E266,2888,1144,1994-12-30,352,228
2024-04-14,Sneha Mehta,"430 Ring Road, Delhi",South,E346,1793,778,1982-01-06,430,436
2024-04-14,Sneha Singh,"578 MG Road, Delhi",North,E165,8085,4931,1988-02-23,330,408
2024-04-02,Rahul Gupta,"156 MG Road, Surat",East,E379,9078,5479,1983-05-13,313,281
2024-04-30,Riya Sharma,"331 Station Road, Mumbai",South,E121,7048,3476,1988-08-05,380,335
2024-04-23,Arjun Verma,"649 MG Road, Delhi",South,E283,9548,5923,1995-01-25,209,61
2024-04-05,Pooja Kapoor,"485 Ring Road, Vadodara",East,E197,8476,2500,1989-01-16,75,130
2024-04-29,Sneha Shah,"214 Ring Road, Delhi",South,E034,5518,5287,1999-07-20,414,384
2024-04-29,Riya Kapoor,"200 Park Avenue, Vadodara",East,E474,6461,941,2007-02-09,222,50
2024-04-06,Rahul Gupta,"456 Lake View, Pune",West,E137,7123,6957,1977-09-27,488,371
2024-04-27,Anjali Singh,"284 Lake View, Surat",Central,E469,7180,913,1991-06-15,253,216
2024-04-16,Arjun Joshi,"381 Ring Road, Rajkot",South,E460,6725,2841,1977-10-22,151,102
2024-04-14,Neha Verma,"211 Station Road, Mumbai",Central,E378,1608,1009,2005-09-18,462,443
2024-04-14,Karan Gupta,"782 Station Road, Pune",South,E500,4356,1561,1977-03-22,148,68
2024-04-21,Karan Mehta,"25 MG Road, Ahmedabad",South,E032,7213,559,1991-08-30,464,141
2024-04-27,Sanjay Patel,"767 Park Avenue, Pune",East,E299,6753,1394,1977-03-27,381,191
2024-04-01,Kavita Gupta,"542 Ring Road, Ahmedabad",East,E427,4131,1306,1976-02-20,346,245
2024-04-21,Anjali Yadav,"412 Station Road, Vadodara",West,E281,3263,709,2009-05-30,321,158
2024-04-22,Manish Mehta,"534 Nehru Street, Ahmedabad",West,E163,7536,6816,1974-11-25,353,463
2024-04-23,Neha Yadav,"389 MG Road, Delhi",South,E061,8503,5641,2001-07-24,464,201
2024-04-05,Riya Mehta,"908 Station Road, Surat",East,E465,8092,1154,2004-08-20,149,103
2024-04-09,Arjun Sharma,"121 Lake View, Pune",South,E062,8486,4441,1976-08-25,233,173
2024-04-13,Sneha Joshi,"261 MG Road, Surat",East,E413,5956,1258,1984-09-16,314,156
2024-04-28,Vikas Kapoor,"507 MG Road, Delhi",West,E333,4163,3609,1984-11-06,296,458
2024-04-13,Arjun Singh,"952 Park Avenue, Mumbai",West,E219,7850,4609,1973-02-18,403,318
2024-04-06,Meera Joshi,"169 MG Road, Vadodara",West,E026,8544,7087,1990-03-03,397,427
2024-04-22,Sneha Mehta,"809 Ring Road, Surat",South,E365,8418,6025,1987-10-17,269,456
2024-04-13,Sneha Singh,"963 Ring Road, Rajkot",South,E184,2835,889,1982-08-12,155,485
2024-04-21,Priya Kapoor,"29 Station Road, Delhi",North,E346,9373,4630,1991-03-31,99,183
2024-04-25,Kavita Gupta,"203 MG Road, Ahmedabad",South,E288,3619,3225,1988-02-05,214,449
2024-04-09,Amit Kapoor,"94 Nehru Street, Delhi",East,E482,3111,2556,2001-08-05,328,124
2024-04-03,Riya Sharma,"397 MG Road, Vadodara",Central,E477,2130,683,1977-06-16,400,268
2024-04-12,Amit Kapoor,"915 Station Road, Surat",Central,E495,4044,1482,2010-07-18,438,270
2024-04-13,Sanjay Kapoor,"659 Nehru Street, Pune",South,E362,9313,3851,1994-08-23,82,162
2024-04-24,Karan Gupta,"522 Station Road, Mumbai",West,E259,6284,6070,2005-02-14,255,262
2024-04-05,Meera Yadav,"623 Ring Road, Vadodara",East,E241,6150,4215,2004-12-15,188,478
2024-04-13,Priya Kapoor,"81 Nehru Street, Rajkot",East,E162,6119,5982,1983-05-09,249,127
2024-04-03,Sneha Shah,"167 MG Road, Delhi",South,E017,1428,518,1993-05-22,500,294
2024-04-21,Amit Gupta,"750 Lake View, Vadodara",Central,E036,1485,644,1970-07-22,241,61
2024-04-08,Arjun Patel,"694 Park Avenue, Rajkot",South,E383,1218,620,2004-03-12,219,131
2024-04-22,Pooja Yadav,"560 Ring Road, Vadodara",South,E059,5079,1613,1995-12-24,321,350
2024-04-21,Amit Mehta,"451 Nehru Street, Pune",North,E038,4672,3677,1985-04-16,498,369
2024-04-10,Karan Joshi,"419 Park Avenue, Surat",North,E014,6974,2682,1986-12-23,406,159
2024-04-25,Rohit Shah,"372 Nehru Street, Rajkot",South,E313,9870,2045,1980-08-30,169,381
2024-04-14,Arjun Sharma,"237 Lake View, Vadodara",East,E027,8326,6470,1978-12-21,363,199
2024-04-13,Sanjay Joshi,"800 Nehru Street, Rajkot",East,E464,3571,3149,2009-01-20,458,287
2024-04-18,Arjun Patel,"654 Ring Road, Vadodara",Central,E051,5113,3220,2003-02-13,396,391
2024-04-18,Sneha Mehta,"402 Lake View, Delhi",West,E258,4257,821,1974-02-19,251,345
2024-04-18,Rohit Mehta,"238 Station Road, Pune",North,E423,2183,899,2008-07-20,384,255
2024-04-12,Priya Shah,"991 Ring Road, Pune",Central,E034,3998,639,2004-08-28,227,339
2024-04-16,Amit Kapoor,"842 MG Road, Pune",East,E331,9035,4701,2009-03-09,287,487
2024-04-25,Neha Verma,"239 Lake View, Mumbai",South,E194,6578,4301,1981-02-27,328,206
2024-04-08,Manish Shah,"398 MG Road, Rajkot",North,E377,5882,3224,1981-05-07,333,175
2024-04-10,Riya Gupta,"113 MG Road, Vadodara",Central,E293,8589,6023,1987-12-23,450,153
2024-04-16,Amit Yadav,"56 Nehru Street, Surat",Central,E315,5143,2072,1997-09-12,470,249
2024-04-13,Rahul Patel,"463 Nehru Street, Surat",South,E270,1181,743,1975-05-03,451,324
2024-04-16,Sneha Shah,"433 MG Road, Pune",North,E041,2484,754,2003-07-30,329,406
2024-04-27,Arjun Kapoor,"469 Station Road, Ahmedabad",Central,E285,9179,5729,1972-06-08,117,264
2024-04-13,Sneha Patel,"344 Station Road, Ahmedabad",North,E224,1151,870,1978-07-05,191,344
2024-04-16,Karan Gupta,"616 Station Road, Ahmedabad",West,E133,8310,3192,2006-04-17,116,101
2024-04-04,Rahul Gupta,"533 MG Road, Vadodara",North,E313,8705,7339,1988-09-03,80,107
2024-04-15,Anjali Verma,"185 Nehru Street, Rajkot",West,E305,8747,5365,2005-02-01,104,297
2024-04-15,Sneha Patel,"349 Station Road, Surat",East,E128,3987,1606,2010-12-16,54,333
2024-04-28,Kavita Shah,"432 Park Avenue, Vadodara",Central,E297,2221,1000,1977-06-25,320,339
2024-04-02,Kavita Yadav,"340 MG Road, Mumbai",Central,E098,3843,3138,1973-12-06,412,288
2024-04-25,Meera Joshi,"927 Nehru Street, Vadodara",East,E492,9209,6290,2007-12-20,106,260
2024-04-04,Kavita Joshi,"252 Station Road, Ahmedabad",Central,E494,1632,901,1974-07-01,297,383
2024-04-12,Sneha Verma,"85 Park Avenue, Rajkot",North,E312,9337,7174,1987-10-04,139,321
2024-04-09,Amit Kapoor,"364 Nehru Street, Delhi",East,E034,6810,3901,1996-04-07,125,129
2024-04-01,Arjun Patel,"832 Nehru Street, Mumbai",West,E433,5894,2133,1971-08-15,190,85
2024-04-20,Karan Kapoor,"620 Ring Road, Pune",Central,E290,8650,8425,1971-02-14,68,470
2024-04-09,Pooja Singh,"637 Park Avenue, Mumbai",Central,E367,1878,1516,1979-03-07,147,232
2024-04-01,Pooja Patel,"110 Station Road, Pune",South,E091,7327,850,1985-02-12,403,472
2024-04-09,Neha Mehta,"855 Station Road, Vadodara",East,E467,9714,4669,1991-04-13,385,133
2024-04-10,Rohit Mehta,"348 Ring Road, Mumbai",East,E263,5917,5054,2008-08-21,351,375
2024-04-15,Kavita Sharma,"292 MG Road, Rajkot",East,E138,5159,1534,2006-07-26,399,51
2024-04-09,Amit Patel,"84 Station Road, Mumbai",Central,E214,9236,5237,2003-09-27,113,98
2024-04-17,Amit Joshi,"819 Lake View, Delhi",West,E340,1707,1329,1984-11-24,126,58
2024-04-08,Kavita Yadav,"11 Lake View, Vadodara",South,E059,6229,2425,1985-11-05,170,470
2024-04-06,Sanjay Gupta,"658 Lake View, Rajkot",Central,E077,3405,2031,1975-02-08,164,115
2024-04-16,Sanjay Patel,"479 Station Road, Ahmedabad",South,E133,8294,2281,1979-12-05,364,471
2024-04-04,Sneha Yadav,"286 Ring Road, Rajkot",Central,E147,4648,2831,1985-08-06,360,274
2024-04-12,Priya Mehta,"40 Nehru Street, Surat",East,E108,3188,1799,1989-06-29,132,330
2024-04-10,Rahul Patel,"776 Lake View, Ahmedabad",East,E403,9264,4011,1992-08-26,439,249
2024-04-25,Sneha Patel,"300 Nehru Street, Delhi",North,E028,2043,1003,1982-04-18,305,296
2024-04-01,Rahul Yadav,"392 MG Road, Mumbai",Central,E165,1430,1267,1982-03-16,86,401
2024-04-08,Pooja Shah,"489 Nehru Street, Mumbai",South,E104,4396,828,1995-05-13,136,344
2024-04-11,Meera Patel,"330 Ring Road, Surat",North,E310,4747,4395,1988-11-16,246,197
2024-04-13,Karan Mehta,"562 Lake View, Rajkot",West,E429,6016,1806,1970-05-24,126,445
2024-04-21,Sneha Verma,"425 MG Road, Delhi",East,E322,6076,2677,2002-03-16,411,218
2024-04-28,Amit Sharma,"50 Nehru Street, Vadodara",North,E269,4773,2561,2000-03-06,273,408
2024-04-12,Amit Kapoor,"304 MG Road, Ahmedabad",North,E499,9889,8371,1991-10-18,98,450
2024-04-11,Neha Singh,"952 Nehru Street, Delhi",West,E378,9159,2051,1976-07-08,303,82
2024-04-19,Meera Verma,"594 MG Road, Delhi",South,E120,6281,6116,1977-06-17,485,272
2024-04-07,Neha Patel,"750 Park Avenue, Pune",North,E350,5370,3058,1999-05-04,252,426
2024-04-20,Manish Joshi,"667 Nehru Street, Ahmedabad",Central,E496,7841,5830,1987-12-09,59,130
2024-04-22,Arjun Mehta,"459 Ring Road, Rajkot",East,E279,4569,2928,1996-02-23,336,453
2024-04-09,Riya Gupta,"69 MG Road, Vadodara",East,E409,2600,1114,2002-03-11,431,152
2024-04-12,Neha Joshi,"163 MG Road, Vadodara",East,E320,5048,4515,1971-10-05,463,325
2024-04-18,Rahul Patel,"115 Ring Road, Mumbai",East,E149,8672,7612,2004-08-22,481,315
2024-04-17,Kavita Verma,"835 Lake View, Delhi",Central,E295,6625,5230,1983-07-30,204,165
2024-04-23,Rahul Gupta,"191 Nehru Street, Pune",North,E096,9913,1977,1996-05-12,84,214
2024-04-09,Neha Patel,"287 Nehru Street, Surat",East,E006,1172,763,1982-05-21,127,490
2024-04-20,Meera Shah,"912 MG Road, Delhi",West,E500,4324,1432,1995-01-13,467,403
2024-04-02,Rohit Singh,"840 MG Road, Rajkot",West,E383,5737,4742,2005-08-27,99,105
2024-04-17,Arjun Yadav,"21 Park Avenue, Surat",South,E350,2184,852,2002-05-03,182,169
2024-04-06,Rohit Yadav,"478 MG Road, Pune",Central,E086,3084,653,1992-11-15,318,385
2024-04-06,Manish Patel,"453 Park Avenue, Delhi",East,E109,8847,6607,2004-06-18,487,71
2024-04-07,Vikas Sharma,"907 Park Avenue, Delhi",East,E334,2525,1966,1979-07-24,159,63
2024-04-28,Rahul Mehta,"375 Park Avenue, Pune",South,E276,7824,2921,1999-05-28,322,415
2024-04-04,Neha Singh,"384 Ring Road, Surat",Central,E077,4253,3841,1978-03-30,414,240
2024-04-02,Anjali Singh,"101 Station Road, Ahmedabad",East,E197,8648,7151,1978-08-15,99,87
2024-04-02,Manish Verma,"805 Lake View, Mumbai",North,E278,8294,3078,1971-03-12,143,148
2024-04-03,Pooja Mehta,"102 Station Road, Pune",South,E124,8239,4676,2009-04-15,62,182
2024-04-21,Vikas Yadav,"616 Park Avenue, Rajkot",Central,E210,8616,3985,1990-06-02,400,348
2024-04-10,Vikas Verma,"345 Nehru Street, Delhi",North,E494,7750,3225,1986-04-28,409,109
2024-04-21,Priya Gupta,"882 Nehru Street, Ahmedabad",East,E392,2902,1191,1978-01-04,401,346
2024-04-05,Manish Kapoor,"715 Ring Road, Mumbai",East,E156,9397,2557,1972-09-18,216,336
2024-04-07,Karan Mehta,"75 Station Road, Surat",Central,E317,8244,5903,1993-08-07,353,317
2024-04-05,Sneha Shah,"457 Nehru Street, Vadodara",Central,E409,2665,1957,1989-10-12,435,316
2024-04-23,Rahul Joshi,"417 Nehru Street, Delhi",South,E376,4771,3342,1973-01-24,227,314
2024-04-22,Anjali Joshi,"52 Ring Road, Vadodara",East,E202,7814,7025,1979-12-20,367,182
2024-04-23,Anjali Kapoor,"466 Park Avenue, Ahmedabad",South,E140,8829,4129,1990-01-29,409,116
2024-04-01,Meera Verma,"346 MG Road, Ahmedabad",West,E241,8526,5579,1996-09-30,338,226
2024-04-28,Arjun Gupta,"75 MG Road, Surat",Central,E002,3314,2742,1997-10-30,486,407
2024-04-30,Kavita Patel,"13 Station Road, Rajkot",West,E206,3645,1902,1979-02-04,267,359
2024-04-26,Sanjay Gupta,"592 Park Avenue, Rajkot",West,E196,7151,4993,2006-01-27,150,208
2024-04-17,Vikas Verma,"981 Lake View, Ahmedabad",Central,E349,2304,1153,2003-12-11,307,130
2024-04-07,Rahul Kapoor,"153 Park Avenue, Pune",North,E033,5329,3380,1982-03-03,479,117
2024-04-11,Amit Sharma,"605 Station Road, Surat",East,E129,3391,2054,1982-05-19,162,148
2024-04-15,Vikas Verma,"907 Station Road, Surat",Central,E394,5621,5062,2007-06-08,323,120
2024-04-06,Amit Mehta,"717 Park Avenue, Surat",East,E139,9331,851,2007-05-04,317,454
2024-04-19,Sneha Yadav,"686 MG Road, Pune",Central,E059,3957,2608,1973-07-24,264,283
2024-04-29,Rahul Gupta,"665 Lake View, Mumbai",South,E040,5184,1674,1981-01-18,478,279
2024-04-05,Manish Kapoor,"138 Lake View, Mumbai",East,E170,6518,728,1973-02-04,462,56
2024-04-30,Riya Kapoor,"460 MG Road, Vadodara",Central,E414,5143,2043,1995-08-10,105,421
2024-04-10,Rohit Joshi,"662 Ring Road, Ahmedabad",Central,E378,5922,2919,2010-10-17,183,204
2024-04-21,Pooja Patel,"941 MG Road, Rajkot",Central,E438,7253,4487,2010-03-13,72,426
2024-04-09,Meera Shah,"684 Park Avenue, Ahmedabad",North,E069,7449,3252,2005-09-18,324,65
2024-04-06,Vikas Joshi,"471 Ring Road, Delhi",Central,E254,7994,3403,1977-03-08,217,334
2024-04-12,Meera Patel,"912 Station Road, Rajkot",Central,E257,5888,4342,1987-01-21,381,213
2024-04-28,Sanjay Mehta,"46 Lake View, Rajkot",West,E247,4623,592,1985-11-25,293,441
2024-04-21,Karan Shah,"881 Ring Road, Rajkot",West,E483,5080,867,1986-09-01,488,451
2024-04-29,Arjun Singh,"277 Lake View, Vadodara",South,E320,6657,5144,1978-12-31,361,282
2024-04-25,Amit Mehta,"314 Lake View, Pune",West,E298,9365,4927,1971-02-25,418,158
2024-04-18,Rohit Verma,"516 Park Avenue, Pune",Central,E051,4843,3496,2005-09-18,177,367
2024-04-09,Vikas Sharma,"168 MG Road, Ahmedabad",South,E163,6743,2958,1995-05-15,276,339
2024-04-09,Meera Kapoor,"561 Ring Road, Vadodara",West,E323,3762,749,1989-05-08,144,298
2024-04-04,Neha Sharma,"591 Lake View, Pune",West,E314,6506,2839,2000-08-19,425,226
2024-04-12,Neha Gupta,"92 MG Road, Pune",Central,E283,9029,6448,1972-05-04,472,411
2024-04-05,Pooja Patel,"865 MG Road, Vadodara",North,E039,9570,8236,1986-05-04,284,214
2024-04-05,Sanjay Patel,"906 MG Road, Pune",North,E316,1296,972,2008-08-26,332,409
2024-04-19,Sanjay Gupta,"754 Lake View, Vadodara",Central,E068,9575,9438,2004-01-17,259,244
2024-04-26,Sneha Gupta,"650 Lake View, Ahmedabad",West,E177,8626,2753,1976-11-22,424,479
2024-04-14,Sneha Singh,"563 Nehru Street, Rajkot",East,E327,5413,2838,1994-08-20,66,394
2024-04-02,Sneha Yadav,"351 Nehru Street, Ahmedabad",South,E376,4857,2366,1997-07-06,166,467
2024-04-27,Sneha Shah,"291 Park Avenue, Rajkot",North,E031,3075,2956,2001-02-14,196,187
2024-04-17,Sanjay Mehta,"477 Park Avenue, Rajkot",Central,E006,6646,5766,1995-06-25,267,349
2024-04-13,Sanjay Yadav,"845 MG Road, Pune",North,E191,7060,1740,1992-02-20,217,166
2024-04-28,Karan Sharma,"199 Nehru Street, Rajkot",Central,E079,1422,517,1977-02-07,213,115
2024-04-09,Sanjay Kapoor,"13 MG Road, Ahmedabad",West,E034,1910,1464,2010-07-08,355,217
2024-04-27,Meera Joshi,"793 Lake View, Pune",West,E146,6938,6122,1971-02-16,160,158
2024-04-15,Meera Gupta,"198 Lake View, Vadodara",East,E394,3070,1232,1985-11-07,80,436
2024-04-19,Sneha Patel,"915 Ring Road, Ahmedabad",East,E204,3109,1146,2003-07-06,349,322
2024-04-10,Sneha Joshi,"924 Nehru Street, Pune",South,E096,9662,2231,1982-04-25,421,100
2024-04-06,Karan Gupta,"26 Nehru Street, Rajkot",Central,E027,4482,3669,2002-07-31,333,300
2024-04-08,Sneha Singh,"932 Station Road, Rajkot",Central,E266,9032,894,1983-04-02,81,368
2024-04-14,Manish Kapoor,"228 Ring Road, Surat",South,E425,3958,2581,2000-11-05,160,95
2024-04-30,Vikas Joshi,"189 Station Road, Vadodara",South,E314,3916,991,1979-09-21,450,466
2024-04-13,Sneha Singh,"834 Lake View, Rajkot",North,E055,5744,2959,1974-12-10,459,228
2024-04-07,Kavita Sharma,"901 Station Road, Vadodara",South,E103,8913,3999,2008-08-25,355,236
2024-04-10,Neha Shah,"265 Ring Road, Rajkot",West,E322,7573,4743,1981-08-25,74,340
2024-04-08,Rahul Joshi,"854 Ring Road, Pune",North,E045,4490,1336,1974-01-15,95,413
2024-04-08,Priya Mehta,"791 Ring Road, Rajkot",South,E303,9531,4051,2006-01-11,489,253
2024-04-30,Karan Kapoor,"506 Ring Road, Pune",West,E478,8384,4880,1973-12-30,136,209
2024-04-13,Neha Verma,"263 Ring Road, Surat",Central,E213,2635,1495,1982-08-01,411,337
2024-04-23,Anjali Yadav,"962 Ring Road, Vadodara",Central,E342,8462,1543,1973-09-24,296,339
2024-04-14,Riya Joshi,"212 Park Avenue, Vadodara",North,E412,9768,739,2003-11-14,113,469
2024-04-30,Karan Kapoor,"583 Station Road, Surat",West,E011,5082,4918,1998-05-22,458,482
2024-04-23,Sanjay Singh,"832 Station Road, Surat",North,E169,9479,6170,1984-09-15,313,331
2024-04-12,Vikas Mehta,"493 Nehru Street, Pune",West,E173,6920,3124,2002-03-28,270,253
2024-04-21,Riya Yadav,"35 Ring Road, Ahmedabad",South,E449,9697,7734,1999-07-19,420,74
2024-04-07,Sanjay Shah,"882 Nehru Street, Vadodara",South,E213,2690,1421,2006-08-11,426,441
2024-04-12,Vikas Sharma,"982 MG Road, Vadodara",South,E395,2074,536,2004-11-12,186,482
2024-04-01,Rohit Patel,"147 Lake View, Pune",North,E286,5695,3065,1997-03-23,303,147
2024-04-03,Kavita Sharma,"38 Station Road, Ahmedabad",Central,E028,2371,1589,1972-07-05,118,149
2024-04-15,Sneha Singh,"33 Station Road, Ahmedabad",West,E030,9875,2458,1989-06-16,300,452
2024-04-15,Karan Patel,"447 Nehru Street, Ahmedabad",Central,E112,6710,624,1992-09-24,447,118
2024-04-28,Vikas Sharma,"113 MG Road, Surat",Central,E079,9700,2734,1975-02-05,376,481
2024-04-05,Vikas Yadav,"56 Nehru Street, Pune",South,E164,3571,1209,1984-05-22,470,322
2024-04-02,Rahul Shah,"764 Nehru Street, Ahmedabad",West,E429,7730,6234,1996-04-06,204,51
2024-04-26,Arjun Patel,"818 Ring Road, Delhi",Central,E236,1451,696,1995-08-16,283,287
2024-04-23,Pooja Verma,"729 Park Avenue, Ahmedabad",Central,E126,7473,1145,1994-03-14,430,364
2024-04-16,Riya Kapoor,"931 Park Avenue, Rajkot",East,E261,8213,6349,1993-03-11,344,317
2024-04-04,Arjun Kapoor,"571 Nehru Street, Surat",South,E449,7440,6484,1989-03-20,322,73
2024-04-28,Vikas Shah,"574 Nehru Street, Vadodara",West,E151,9893,916,1970-04-20,180,353
2024-04-28,Karan Sharma,"122 Station Road, Pune",South,E320,7780,6218,1990-08-29,453,295
2024-04-27,Sneha Patel,"165 MG Road, Ahmedabad",East,E306,5254,2329,2007-01-06,120,143
2024-04-16,Rahul Shah,"585 Station Road, Vadodara",Central,E367,7641,5878,2006-03-21,155,488
2024-04-27,Karan Singh,"882 Park Avenue, Pune",West,E190,9957,4171,1970-10-05,346,476
2024-04-26,Kavita Gupta,"883 Lake View, Ahmedabad",East,E318,4646,2418,1997-07-13,130,77
2024-04-26,Amit Sharma,"318 Nehru Street, Vadodara",West,E039,6945,4769,1984-03-08,371,304
2024-04-03,Rohit Singh,"364 MG Road, Delhi",South,E340,7389,3344,2007-02-13,491,185
2024-04-13,Sanjay Shah,"189 Lake View, Mumbai",Central,E121,6421,4752,1978-04-21,145,473
2024-04-26,Neha Patel,"187 Lake View, Rajkot",South,E394,6177,4337,1986-09-08,82,467
2024-04-13,Priya Joshi,"782 Park Avenue, Mumbai",South,E047,5788,4740,1999-10-04,139,329
2024-04-09,Manish Verma,"826 MG Road, Pune",West,E470,2722,2216,1974-01-18,472,176
2024-04-06,Kavita Shah,"668 Lake View, Rajkot",South,E452,7087,746,2006-10-20,214,117
2024-04-13,Meera Patel,"781 Lake View, Ahmedabad",West,E346,2431,1845,1974-09-11,494,103
2024-04-20,Vikas Patel,"742 Nehru Street, Surat",Central,E171,1981,1049,1993-11-03,450,332
2024-04-09,Sneha Joshi,"213 Station Road, Vadodara",South,E106,7827,7165,1984-06-23,415,498
2024-04-02,Rohit Gupta,"381 Nehru Street, Delhi",Central,E340,6551,1305,2003-01-03,142,313
2024-04-29,Anjali Joshi,"337 Station Road, Vadodara",North,E310,3184,809,1981-08-25,63,385
2024-04-13,Anjali Singh,"466 MG Road, Rajkot",South,E175,6342,3714,2010-08-19,170,423
2024-04-14,Arjun Verma,"972 Lake View, Rajkot",East,E079,6173,5705,1997-07-08,223,73
2024-04-01,Neha Verma,"649 Park Avenue, Ahmedabad",Central,E195,4611,3863,1994-12-20,345,461
2024-04-23,Manish Mehta,"358 Ring Road, Ahmedabad",North,E072,3937,3355,2007-06-08,91,210
2024-04-17,Anjali Verma,"161 Nehru Street, Vadodara",West,E210,3466,1962,1993-03-12,78,354
2024-04-10,Pooja Singh,"975 Station Road, Pune",Central,E349,9768,4782,1989-12-17,277,104
2024-04-08,Anjali Kapoor,"614 Lake View, Delhi",Central,E147,8273,4425,2000-06-22,253,145
2024-04-08,Karan Mehta,"214 Lake View, Rajkot",Central,E184,3186,2990,2000-07-14,374,478
2024-04-30,Vikas Sharma,"969 Park Avenue, Pune",North,E265,9098,2927,1997-10-16,259,326
2024-04-11,Amit Mehta,"571 Lake View, Mumbai",Central,E392,8979,4516,1993-10-13,311,125
2024-04-19,Vikas Gupta,"794 Nehru Street, Vadodara",Central,E447,1952,901,2007-10-22,196,240
2024-04-21,Karan Shah,"287 Lake View, Delhi",West,E243,8754,5074,1992-01-19,69,136
2024-04-11,Vikas Sharma,"508 Ring Road, Rajkot",West,E102,3860,1443,1993-11-21,350,50
2024-04-23,Sneha Verma,"84 Station Road, Mumbai",South,E082,3968,680,1975-04-02,458,92
2024-04-26,Pooja Singh,"495 MG Road, Surat",East,E323,7388,5033,1984-09-14,322,317
2024-04-29,Kavita Gupta,"669 Nehru Street, Pune",North,E374,1664,975,1996-08-08,51,268
2024-04-22,Sneha Yadav,"107 Lake View, Pune",South,E480,2460,1380,2009-10-30,482,204
2024-04-17,Sneha Yadav,"369 Ring Road, Surat",West,E292,7468,5405,2010-07-02,323,389
2024-04-05,Meera Shah,"935 Station Road, Pune",West,E235,9479,9038,1985-11-15,385,301
2024-04-20,Karan Gupta,"158 Ring Road, Pune",Central,E228,2906,2592,1998-06-18,280,189
2024-04-05,Manish Yadav,"890 Ring Road, Vadodara",East,E144,4191,3564,1975-04-28,314,136
2024-04-02,Anjali Kapoor,"196 MG Road, Vadodara",Central,E171,1805,903,1972-06-12,126,60
2024-04-23,Riya Joshi,"215 Nehru Street, Delhi",Central,E065,6450,3517,1988-07-05,62,61
2024-04-17,Kavita Joshi,"665 Nehru Street, Pune",North,E407,6144,5091,1970-06-26,247,213
2024-04-14,Kavita Kapoor,"293 Lake View, Vadodara",South,E485,4413,3497,1992-08-08,109,263
2024-04-19,Kavita Patel,"788 Station Road, Mumbai",East,E084,8747,8243,1997-11-08,351,388
2024-04-27,Sneha Singh,"138 Station Road, Surat",North,E474,2098,624,1973-11-08,114,295
2024-04-08,Anjali Gupta,"899 Ring Road, Pune",North,E284,8002,6409,1976-10-01,411,185
2024-04-10,Rohit Sharma,"654 Station Road, Surat",West,E443,3778,3643,2000-02-21,244,174
2024-04-24,Riya Mehta,"791 Park Avenue, Surat",Central,E239,5204,2692,2003-10-29,339,429
2024-04-09,Kavita Gupta,"791 MG Road, Mumbai",Central,E030,6723,668,1998-10-12,495,85
2024-04-13,Manish Yadav,"850 MG Road, Ahmedabad",Central,E170,3066,2083,1995-11-25,376,391
2024-04-05,Priya Kapoor,"781 MG Road, Vadodara",South,E054,9483,2613,1972-09-24,87,351
2024-04-07,Amit Singh,"417 Lake View, Rajkot",South,E354,6271,970,1978-05-09,416,207
2024-04-15,Sanjay Gupta,"159 Ring Road, Vadodara",North,E490,6203,5522,1989-05-19,252,103
2024-04-08,Karan Joshi,"750 Lake View, Rajkot",North,E236,1973,1398,1981-05-26,420,182
2024-04-08,Vikas Singh,"248 MG Road, Pune",West,E474,8649,4525,1992-06-08,469,341
2024-04-06,Meera Gupta,"204 MG Road, Rajkot",East,E330,1769,598,1974-05-03,404,191
2024-04-17,Priya Joshi,"58 Nehru Street, Pune",North,E054,4663,3839,1993-08-03,396,221
2024-04-27,Meera Mehta,"520 Nehru Street, Rajkot",East,E124,9475,976,1999-03-14,288,429
2024-04-23,Amit Sharma,"299 Lake View, Vadodara",East,E303,8635,2005,1978-06-26,384,209
2024-04-04,Priya Joshi,"383 Nehru Street, Delhi",North,E311,3359,551,1987-12-30,51,500
2024-04-14,Rohit Verma,"150 MG Road, Delhi",Central,E326,1539,949,1995-06-17,335,319
2024-04-03,Meera Singh,"687 MG Road, Rajkot",Central,E326,3896,2980,1980-10-04,174,258
2024-04-30,Vikas Verma,"575 MG Road, Ahmedabad",Central,E305,7985,1341,1988-01-11,496,129
2024-04-15,Arjun Singh,"932 Nehru Street, Delhi",North,E223,7867,1115,1975-09-21,271,442
2024-04-29,Neha Patel,"33 Park Avenue, Pune",South,E112,7160,1555,1985-09-03,109,420
2024-04-07,Neha Mehta,"252 Lake View, Pune",West,E390,9296,1763,2003-07-25,290,232
2024-04-12,Kavita Shah,"104 Park Avenue, Vadodara",West,E224,5036,1131,1986-07-17,306,280
2024-04-10,Sneha Shah,"513 Ring Road, Ahmedabad",West,E453,2727,1694,1975-03-21,320,446
2024-04-21,Neha Patel,"907 Ring Road, Pune",Central,E463,1693,511,1971-12-22,111,184
2024-04-04,Sanjay Kapoor,"53 Ring Road, Delhi",North,E373,4590,761,2002-01-08,441,90
2024-04-19,Anjali Sharma,"394 Park Avenue, Surat",West,E432,1953,1204,1981-08-26,380,173
2024-04-15,Anjali Kapoor,"710 MG Road, Mumbai",East,E027,2445,1024,1976-02-03,494,262
2024-04-16,Meera Yadav,"425 Ring Road, Vadodara",Central,E060,1673,594,1976-05-04,446,100
2024-04-01,Karan Sharma,"579 Park Avenue, Delhi",North,E445,1795,1557,1986-08-20,390,495
2024-04-02,Amit Verma,"277 Lake View, Delhi",West,E483,1265,979,1984-01-17,230,459
2024-04-16,Vikas Yadav,"176 MG Road, Pune",East,E113,9417,6689,1985-11-28,339,230
2024-04-10,Manish Singh,"328 MG Road, Rajkot",South,E313,6998,1843,1983-03-03,386,247
2024-04-23,Anjali Sharma,"225 Nehru Street, Ahmedabad",East,E335,3640,2531,1995-01-16,466,162
2024-04-12,Amit Yadav,"379 Park Avenue, Pune",East,E008,7475,4138,1999-08-13,412,175
2024-04-13,Sanjay Gupta,"523 MG Road, Pune",North,E374,9498,2106,1992-03-09,210,365
2024-04-11,Pooja Patel,"43 Lake View, Rajkot",South,E432,1000,668,1975-06-17,195,134
2024-04-14,Vikas Gupta,"396 Park Avenue, Surat",South,E252,8438,1408,1979-03-16,422,101
2024-04-23,Meera Gupta,"57 Nehru Street, Surat",North,E215,5801,2151,1975-01-18,356,468
2024-04-20,Rohit Yadav,"639 Station Road, Pune",Central,E491,6729,1765,2006-08-02,395,151
2024-04-25,Vikas Mehta,"762 Lake View, Vadodara",Central,E222,4663,4520,1975-05-01,305,386
2024-04-11,Priya Sharma,"280 Nehru Street, Vadodara",South,E160,2189,2076,1971-11-09,124,99
2024-04-06,Amit Patel,"639 Station Road, Rajkot",North,E298,4910,4580,1998-12-15,228,325
2024-04-07,Pooja Patel,"270 Park Avenue, Rajkot",Central,E151,8410,8235,1978-09-16,405,460
2024-04-19,Sanjay Kapoor,"906 Lake View, Ahmedabad",South,E015,9729,2642,2001-02-07,316,78
2024-04-30,Pooja Sharma,"726 Lake View, Ahmedabad",South,E374,2314,2206,1972-01-21,382,131
2024-04-05,Anjali Singh,"27 Nehru Street, Rajkot",North,E327,3195,1487,1991-02-17,344,395
2024-04-07,Vikas Mehta,"551 Nehru Street, Pune",Central,E345,4394,3423,2010-05-31,122,442
2024-04-13,Meera Yadav,"735 Ring Road, Rajkot",East,E092,2416,1275,1973-11-09,372,85
2024-04-28,Karan Sharma,"451 MG Road, Delhi",North,E438,9351,7515,2000-11-21,270,146
2024-04-01,Vikas Sharma,"38 MG Road, Delhi",Central,E447,3011,1320,1973-07-25,54,351
2024-04-18,Priya Kapoor,"724 Ring Road, Ahmedabad",North,E465,2316,1307,1996-08-10,462,433
2024-04-15,Pooja Verma,"991 Ring Road, Surat",West,E169,7708,7570,1980-01-18,162,356
2024-04-04,Meera Verma,"279 Lake View, Mumbai",West,E070,6846,3627,1972-03-20,443,227
2024-04-05,Sanjay Gupta,"113 Nehru Street, Vadodara",West,E094,3972,3128,2007-04-04,339,138
2024-04-26,Anjali Yadav,"544 Nehru Street, Mumbai",East,E200,8840,6049,1974-02-18,155,119
2024-04-26,Karan Gupta,"128 Ring Road, Delhi",East,E099,7530,3829,1988-11-30,428,110
2024-04-06,Manish Mehta,"27 Ring Road, Delhi",North,E227,7351,3499,1986-11-12,347,463
2024-04-30,Arjun Joshi,"587 Nehru Street, Pune",Central,E430,9782,4262,2009-08-25,199,259
2024-04-17,Amit Mehta,"78 MG Road, Mumbai",Central,E145,1818,1447,2009-09-22,402,273
2024-04-11,Meera Verma,"889 Lake View, Delhi",East,E239,4498,3418,2003-06-18,365,276
2024-04-05,Kavita Mehta,"191 Lake View, Vadodara",West,E028,9800,4975,1996-07-30,114,493
2024-04-26,Sneha Joshi,"26 Ring Road, Pune",Central,E109,4193,2897,1988-09-12,316,257
2024-04-15,Amit Patel,"682 Station Road, Delhi",West,E346,7131,7001,1980-10-26,169,74
2024-04-09,Anjali Patel,"832 Ring Road, Delhi",North,E148,8042,5845,1996-03-29,370,148
2024-04-11,Sneha Singh,"450 Ring Road, Ahmedabad",South,E288,9419,8964,1995-10-11,184,435
2024-04-24,Sanjay Mehta,"458 Ring Road, Pune",South,E412,3199,1588,1977-06-05,124,233
2024-04-09,Pooja Patel,"422 MG Road, Pune",Central,E110,9589,3402,1976-10-30,426,461
2024-04-01,Meera Mehta,"921 Station Road, Delhi",North,E025,9185,2124,1997-10-07,86,359
2024-04-24,Arjun Shah,"827 Park Avenue, Surat",East,E198,5255,3246,2003-09-08,426,232
2024-04-25,Kavita Patel,"54 Ring Road, Surat",South,E183,7189,1105,1987-08-10,304,120
2024-04-07,Anjali Kapoor,"874 Nehru Street, Surat",South,E313,3375,1623,1993-06-08,305,322
2024-04-21,Anjali Joshi,"800 MG Road, Delhi",Central,E241,4409,3009,2000-04-06,232,249
2024-04-30,Karan Joshi,"238 Ring Road, Surat",West,E326,3887,1424,2007-03-29,367,436
2024-04-27,Neha Verma,"37 Lake View, Rajkot",West,E311,9368,5208,2009-09-17,267,231
2024-04-01,Meera Kapoor,"941 Park Avenue, Mumbai",East,E026,4453,4159,2008-01-31,424,368
2024-04-03,Sanjay Joshi,"545 Ring Road, Pune",Central,E485,6256,5159,1984-02-21,421,265
2024-04-08,Sanjay Gupta,"896 Park Avenue, Ahmedabad",East,E466,1750,899,1984-02-15,372,369
2024-04-29,Priya Mehta,"966 Lake View, Mumbai",North,E067,4782,1610,2005-08-29,294,124
2024-04-18,Priya Sharma,"162 Ring Road, Pune",South,E024,6824,1415,1982-04-01,256,486
2024-04-08,Anjali Sharma,"75 Station Road, Mumbai",East,E271,8248,1130,2008-10-19,429,378
2024-04-01,Karan Joshi,"434 Ring Road, Delhi",North,E119,5843,2362,1974-10-02,144,198
2024-04-04,Arjun Gupta,"678 Park Avenue, Ahmedabad",Central,E151,4525,3671,1977-04-06,389,250
2024-04-02,Sanjay Patel,"676 Station Road, Surat",East,E408,9208,5195,1986-09-26,94,112
2024-04-14,Meera Gupta,"311 Park Avenue, Vadodara",North,E165,5899,1636,1974-03-19,169,228
2024-04-23,Amit Verma,"76 Ring Road, Delhi",West,E011,9399,3790,1987-02-06,432,427
2024-04-16,Pooja Kapoor,"695 MG Road, Pune",West,E104,1864,604,2007-05-12,186,264
2024-04-12,Rahul Sharma,"458 Park Avenue, Ahmedabad",Central,E067,8292,947,2004-03-26,365,345
2024-04-28,Arjun Shah,"161 Ring Road, Pune",West,E384,5948,746,1979-12-31,441,244
2024-04-24,Vikas Gupta,"853 MG Road, Surat",North,E468,8416,2186,1983-05-05,401,213
2024-04-16,Sneha Shah,"62 Station Road, Vadodara",Central,E087,2625,1438,2005-05-30,220,350
2024-04-16,Pooja Gupta,"712 Park Avenue, Mumbai",Central,E157,6421,4121,1994-11-28,384,191
2024-04-05,Riya Sharma,"367 Nehru Street, Rajkot",South,E258,9396,7139,2000-08-14,319,419
2024-04-30,Rahul Verma,"106 Park Avenue, Delhi",South,E404,8885,8410,1975-05-22,64,134
2024-04-18,Sneha Yadav,"253 Ring Road, Vadodara",West,E029,7948,6560,2002-09-15,401,363
2024-04-30,Karan Singh,"558 Nehru Street, Mumbai",Central,E043,2952,2236,2000-11-03,387,73
2024-04-13,Rohit Singh,"944 Lake View, Delhi",East,E430,4134,2413,1984-06-17,404,304
2024-04-19,Riya Singh,"290 MG Road, Ahmedabad",West,E319,4310,1074,1975-08-15,329,200
2024-04-17,Rahul Joshi,"972 MG Road, Delhi",Central,E023,8034,5079,1999-04-02,325,468
2024-04-01,Riya Sharma,"801 MG Road, Vadodara",South,E481,6253,1721,1990-12-23,85,62
2024-04-01,Arjun Joshi,"625 MG Road, Ahmedabad",South,E075,2980,1803,2001-02-24,168,178
2024-04-22,Neha Mehta,"505 MG Road, Delhi",East,E322,9361,6464,1988-03-12,160,139
2024-04-28,Sneha Verma,"205 Ring Road, Delhi",North,E401,5038,2214,1978-04-20,367,471
2024-04-05,Riya Sharma,"939 Ring Road, Mumbai",North,E027,9883,2623,2006-09-06,60,323
2024-04-19,Riya Sharma,"946 Station Road, Rajkot",South,E166,9054,6416,1982-09-03,274,425
2024-04-05,Meera Joshi,"251 Nehru Street, Surat",West,E005,7415,2573,1993-07-06,93,499
2024-04-07,Anjali Verma,"712 Nehru Street, Mumbai",North,E430,5543,3831,1992-08-17,148,342
2024-04-17,Arjun Verma,"885 Nehru Street, Vadodara",North,E233,7239,1400,2004-07-27,413,197
2024-04-14,Rahul Verma,"944 MG Road, Vadodara",Central,E118,2104,1632,1974-11-25,202,319
2024-04-24,Vikas Kapoor,"246 Station Road, Ahmedabad",North,E406,7875,5766,1991-02-17,194,112
2024-04-02,Arjun Kapoor,"89 MG Road, Vadodara",East,E424,4541,3432,1975-05-17,401,336
2024-04-20,Pooja Joshi,"321 Ring Road, Delhi",East,E159,9877,8273,1984-05-20,479,371
2024-04-13,Manish Patel,"505 Lake View, Rajkot",West,E185,7978,3183,1980-02-23,416,173
2024-04-24,Neha Gupta,"694 Station Road, Mumbai",North,E272,4974,3592,1994-09-26,470,139
2024-04-17,Sneha Singh,"701 Lake View, Delhi",East,E195,9460,4680,2008-11-26,236,454
2024-04-05,Rohit Mehta,"47 Park Avenue, Rajkot",South,E355,2090,1088,1982-07-26,237,311
2024-04-13,Rahul Sharma,"746 Station Road, Surat",Central,E498,5108,785,1980-06-04,326,336
2024-04-19,Pooja Patel,"503 Ring Road, Rajkot",East,E442,1781,1357,1980-12-28,206,493
2024-04-02,Neha Yadav,"211 Ring Road, Delhi",South,E162,4094,2741,2006-03-27,293,135
2024-04-29,Amit Joshi,"541 Lake View, Pune",West,E375,4947,2791,2003-06-08,355,233
2024-04-11,Priya Shah,"61 MG Road, Surat",South,E273,7138,5056,1999-06-18,158,168
2024-04-14,Arjun Mehta,"148 Station Road, Pune",East,E223,7473,1325,1974-06-01,463,393
2024-04-06,Riya Kapoor,"380 Park Avenue, Vadodara",Central,E325,3918,2644,1981-08-27,128,454
2024-04-18,Sanjay Joshi,"435 Park Avenue, Mumbai",Central,E362,7726,1667,2008-08-30,311,414
2024-04-04,Pooja Verma,"10 Nehru Street, Pune",East,E400,1505,1178,1993-09-12,415,275
2024-04-26,Neha Joshi,"12 MG Road, Delhi",North,E109,4186,2004,2004-07-09,74,157
2024-04-25,Karan Verma,"951 Station Road, Surat",South,E202,6171,5808,1987-04-03,409,413
2024-04-02,Priya Gupta,"566 Nehru Street, Ahmedabad",East,E477,1495,1158,1997-06-07,320,372
2024-04-08,Kavita Verma,"536 Ring Road, Surat",North,E375,7235,5216,1989-01-29,114,57
2024-04-20,Amit Sharma,"616 Nehru Street, Ahmedabad",Central,E014,1679,1200,1980-02-05,153,466
2024-04-05,Karan Kapoor,"991 Station Road, Vadodara",West,E436,8668,650,1974-08-10,325,65
2024-04-25,Karan Shah,"570 Station Road, Ahmedabad",South,E269,3867,2250,1975-10-09,486,456
2024-04-13,Pooja Verma,"932 Lake View, Delhi",Central,E498,1189,959,1980-07-18,224,361
2024-04-30,Sneha Patel,"36 Lake View, Mumbai",South,E072,7189,5185,2009-05-09,97,458
2024-04-08,Rahul Verma,"703 Lake View, Mumbai",East,E080,8306,7191,1988-08-03,473,234
2024-04-23,Meera Kapoor,"709 Nehru Street, Vadodara",Central,E463,1513,1071,1987-01-24,445,351
2024-04-02,Arjun Sharma,"521 Ring Road, Delhi",North,E238,4896,4613,1985-10-28,454,140
2024-04-05,Priya Gupta,"629 Lake View, Mumbai",Central,E410,8797,3434,2007-09-18,260,110
2024-04-20,Sneha Mehta,"129 Park Avenue, Vadodara",East,E233,5411,4665,2001-07-02,436,121
2024-04-24,Anjali Mehta,"800 Park Avenue, Delhi",West,E235,6062,2471,1985-04-10,185,175
2024-04-20,Rohit Joshi,"914 Ring Road, Delhi",West,E129,7137,740,1990-12-27,272,196
2024-04-16,Rahul Sharma,"938 Park Avenue, Rajkot",Central,E483,4832,1548,1996-11-01,494,99
2024-04-19,Vikas Kapoor,"279 Lake View, Mumbai",Central,E274,2912,1701,1978-01-28,153,500
2024-04-12,Arjun Verma,"678 Station Road, Rajkot",South,E169,8576,4294,1971-01-16,257,257
2024-04-04,Riya Patel,"413 Lake View, Delhi",South,E257,5449,2232,1997-09-11,443,88
2024-04-21,Priya Joshi,"917 Park Avenue, Surat",North,E010,7450,1472,1987-11-27,172,407
2024-04-13,Sanjay Verma,"84 Park Avenue, Rajkot",South,E055,5621,936,1980-02-11,290,381
2024-04-29,Pooja Mehta,"701 Station Road, Delhi",Central,E430,6669,2502,1999-03-24,275,146
2024-04-25,Priya Mehta,"987 Park Avenue, Rajkot",East,E221,2568,578,1999-09-05,75,302
2024-04-01,Sanjay Patel,"507 MG Road, Rajkot",South,E488,1634,1048,1973-03-12,93,179
2024-04-10,Meera Patel,"697 Nehru Street, Mumbai",Central,E190,5302,2832,1997-10-01,397,221
2024-04-01,Anjali Yadav,"810 Nehru Street, Delhi",East,E288,4592,2341,1978-05-09,74,362
2024-04-03,Sanjay Shah,"558 Park Avenue, Rajkot",South,E489,4341,1472,1981-01-17,318,205
2024-04-24,Karan Mehta,"539 MG Road, Surat",East,E413,4403,1668,1977-04-09,311,321
2024-04-02,Vikas Shah,"837 Park Avenue, Surat",East,E087,4463,1321,1978-02-22,422,495
2024-04-14,Pooja Patel,"162 MG Road, Pune",West,E030,9906,5257,1992-12-15,157,413
2024-04-26,Vikas Singh,"82 Park Avenue, Ahmedabad",North,E289,6897,4172,2010-08-21,461,424
2024-04-21,Neha Joshi,"196 Station Road, Surat",North,E249,6189,3478,1980-07-18,193,114
2024-04-28,Kavita Singh,"215 Ring Road, Delhi",North,E145,6210,733,1970-06-14,150,64
2024-04-11,Arjun Joshi,"561 Ring Road, Surat",Central,E369,2209,1963,1974-05-19,147,135
2024-04-24,Arjun Gupta,"841 Park Avenue, Rajkot",North,E440,7289,4664,1999-01-25,447,92
2024-04-17,Sneha Kapoor,"358 Nehru Street, Surat",North,E364,8341,7599,2007-12-06,285,497
2024-04-22,Anjali Yadav,"876 MG Road, Surat",West,E490,1126,767,2002-01-22,233,177
2024-04-28,Anjali Gupta,"645 Station Road, Ahmedabad",North,E181,9218,2385,1973-05-20,299,401
2024-04-25,Manish Mehta,"357 Station Road, Pune",South,E218,2304,626,1994-08-24,171,96
2024-04-21,Arjun Verma,"749 Nehru Street, Rajkot",South,E128,9859,825,2006-02-19,294,200
2024-04-27,Rahul Sharma,"281 Ring Road, Rajkot",East,E493,2470,2022,2007-10-23,69,377
2024-04-10,Karan Shah,"653 MG Road, Rajkot",West,E211,1927,1825,1973-02-24,388,125
2024-04-19,Karan Yadav,"602 Lake View, Delhi",North,E142,5715,5600,2010-11-24,294,111
2024-04-08,Sanjay Joshi,"980 Ring Road, Ahmedabad",Central,E235,3944,2300,1993-02-16,397,188
2024-04-22,Pooja Yadav,"638 Station Road, Delhi",South,E339,3517,2360,2001-01-06,485,309
2024-04-04,Meera Mehta,"119 MG Road, Pune",Central,E187,3228,1959,2010-11-09,365,303
2024-04-11,Vikas Kapoor,"525 Ring Road, Ahmedabad",Central,E211,2587,2430,1970-06-07,452,147
2024-04-01,Manish Kapoor,"850 Lake View, Surat",Central,E026,5317,1145,2010-12-11,154,190
2024-04-10,Vikas Shah,"412 Ring Road, Delhi",East,E344,1067,800,1974-10-06,499,77
2024-04-16,Rohit Sharma,"617 Station Road, Pune",Central,E282,1121,898,2001-08-18,288,353
2024-04-22,Arjun Verma,"208 MG Road, Ahmedabad",West,E391,4956,2767,1983-01-10,385,308
2024-04-21,Pooja Singh,"302 Station Road, Vadodara",North,E281,3034,1508,1973-01-18,175,452
2024-04-18,Sneha Patel,"811 Nehru Street, Mumbai",North,E210,4650,763,2002-10-26,241,246
2024-04-05,Pooja Singh,"769 Lake View, Ahmedabad",North,E442,1983,793,2006-07-27,224,185
2024-04-14,Sanjay Patel,"856 Park Avenue, Rajkot",North,E118,6398,4420,1999-09-11,310,330
2024-04-28,Neha Singh,"608 Lake View, Ahmedabad",West,E254,6109,5059,1970-12-10,455,142
2024-04-27,Manish Mehta,"303 Ring Road, Pune",West,E241,5098,2455,1997-12-18,242,322
2024-04-24,Meera Verma,"544 Nehru Street, Mumbai",South,E420,2007,764,1985-07-14,205,93
2024-04-04,Priya Sharma,"635 Ring Road, Pune",North,E308,5926,4814,1973-12-11,376,240
2024-04-17,Karan Sharma,"178 Lake View, Rajkot",North,E206,7546,5501,2010-12-26,150,409
2024-04-18,Sneha Mehta,"234 Ring Road, Surat",South,E123,2140,557,2002-11-06,293,444
2024-04-30,Priya Singh,"196 Park Avenue, Rajkot",Central,E102,4712,3948,2009-04-25,442,392
2024-04-06,Riya Sharma,"793 Park Avenue, Mumbai",South,E121,8669,7869,1981-02-20,67,108
2024-04-12,Meera Singh,"412 Nehru Street, Pune",Central,E404,2550,928,2008-08-24,189,62
2024-04-15,Priya Yadav,"23 Park Avenue, Surat",Central,E042,6536,729,1979-10-31,499,102
2024-04-06,Rohit Mehta,"438 MG Road, Pune",South,E239,7629,6685,1980-04-21,451,273
2024-04-14,Karan Patel,"879 Nehru Street, Delhi",South,E296,5461,1277,1975-04-07,488,258
2024-04-17,Anjali Yadav,"949 Lake View, Delhi",North,E176,5342,2525,1984-10-18,477,73
2024-04-09,Rohit Sharma,"989 Nehru Street, Delhi",North,E166,4746,3086,2001-10-30,250,414
2024-04-15,Meera Gupta,"361 Ring Road, Delhi",South,E383,9245,5127,1980-12-31,409,169
2024-04-19,Karan Verma,"407 Lake View, Mumbai",North,E210,4614,1170,1999-07-25,463,215
2024-04-16,Priya Shah,"331 Nehru Street, Vadodara",North,E230,7303,5337,1981-07-18,192,106
2024-04-15,Karan Sharma,"838 Lake View, Vadodara",Central,E483,3329,2286,2000-01-04,285,221
2024-04-23,Sanjay Kapoor,"973 Lake View, Mumbai",Central,E042,5062,3334,2006-05-13,453,206
2024-04-07,Vikas Gupta,"707 Lake View, Vadodara",South,E093,1101,960,1985-09-10,500,199
2024-04-02,Priya Patel,"775 Station Road, Ahmedabad",South,E156,9037,8506,1971-07-30,394,455
2024-04-19,Pooja Mehta,"594 MG Road, Ahmedabad",Central,E259,6979,1657,2009-02-08,290,202
2024-04-26,Manish Patel,"216 Park Avenue, Mumbai",East,E490,3193,2710,1976-03-12,361,425
2024-04-12,Kavita Kapoor,"658 Station Road, Vadodara",South,E264,6709,4720,1998-10-08,154,419
2024-04-22,Neha Joshi,"520 Park Avenue, Rajkot",South,E084,7787,3328,2007-06-18,451,237
2024-04-17,Sanjay Verma,"863 MG Road, Mumbai",Central,E053,5448,973,1977-11-21,155,401
2024-04-25,Sneha Sharma,"64 Nehru Street, Mumbai",East,E346,5921,3295,2008-12-20,186,390
2024-04-25,Sneha Gupta,"970 Station Road, Delhi",West,E335,9731,3829,1999-07-13,420,409
2024-04-09,Arjun Joshi,"564 MG Road, Mumbai",South,E116,6236,785,1975-10-26,454,471
2024-04-10,Pooja Yadav,"535 Station Road, Ahmedabad",South,E359,4065,3421,1985-09-20,98,301
2024-04-10,Riya Patel,"748 Nehru Street, Rajkot",South,E275,1580,956,1972-08-04,137,138
2024-04-19,Manish Patel,"332 Park Avenue, Pune",East,E075,4867,3376,1984-09-19,167,245
2024-04-29,Riya Kapoor,"549 Nehru Street, Delhi",East,E244,7584,7082,2009-07-07,184,61
2024-04-10,Kavita Gupta,"133 MG Road, Ahmedabad",East,E429,1012,655,1989-01-05,348,197
2024-04-05,Neha Mehta,"889 Lake View, Pune",East,E378,8442,862,2007-02-25,183,207
2024-04-16,Sanjay Shah,"780 Nehru Street, Delhi",Central,E118,7102,2094,1991-10-15,434,394
2024-04-13,Riya Verma,"42 Station Road, Surat",North,E352,6720,5851,1989-06-05,92,90
